condition,CumWatch,CumWatch_ci95,CVaR_0.95(L),CVaR_0.95(L)_ci95,ReturnRate5,ReturnRate5_ci95,ReturnRate15,ReturnRate15_ci95,ReturnRate30,ReturnRate30_ci95,ReturnRate60,ReturnRate60_ci95
Lagrangian PPO (Default),23.20393240131722,0.2462109801435591,6.335801889320454,0.1395842337724942,0.0008715080834437103,0.0005666258110961158,0.027333446796117006,0.00047236775209450187,0.132447083312585,0.0021052700069281493,0.37738115959356017,0.0029790705312771983
Lagrangian PPO (NoHabit),22.063634302449913,0.31537643341243593,6.107414196346835,0.12209292635613897,0.0006451506554270137,0.0003861614455367561,0.024544919963134033,0.0009006326311664779,0.12361992192266054,0.0033581778857753055,0.36328165152250097,0.0016812411067206388
PPO (Default),23.13836206812384,0.34042799852295125,6.357958227009823,0.28126528461121864,0.0009715967349597446,0.0004980617297996988,0.026654321931180808,0.001257711826435559,0.13135923234710115,0.003156014307275825,0.3774212069050468,0.0030695803717602855
PPO (NoHabit),22.058505690245862,0.3291323760678077,6.1618756865381465,0.2178260840065212,0.0008474731015601925,0.0001957565828325978,0.02447224906630181,0.0009717056183938437,0.12387278339130926,0.0005846580135577975,0.3638266374984851,0.003097817390735026
